Currency Code,Currency Name,Country,Currency Name (Russian),Country (Russian)
AED,UAE Dirham,United Arab Emirates,Дирхам ОАЭ,Объединенные Арабские Эмираты
AFN,Afghan Afghani,Afghanistan,Афганский афгани,Афганистан
ALL,Albanian Lek,Albania,Албанский лек,Албания
AMD,Armenian Dram,Armenia,Армянский драм,Армения
ANG,Netherlands Antillian Guilder,Netherlands Antilles,Нидерландский антильский гульден,Нидерландские Антильские острова
AOA,Angolan Kwanza,Angola,Ангольская кванза,Ангола
ARS,Argentine Peso,Argentina,Аргентинское песо,Аргентина
AUD,Australian Dollar,Australia,Австралийский доллар,Австралия
AWG,Aruban Florin,Aruba,Арубанский флорин,Аруба
AZN,Azerbaijani Manat,Azerbaijan,Азербайджанский манат,Азербайджан
BAM,Bosnia and Herzegovina Mark,Bosnia and Herzegovina,Боснийская марка,Босния и Герцеговина
BBD,Barbados Dollar,Barbados,Барбадосский доллар,Барбадос
BDT,Bangladeshi Taka,Bangladesh,Бангладешская така,Бангладеш
BGN,Bulgarian Lev,Bulgaria,Болгарский лев,Болгария
BHD,Bahraini Dinar,Bahrain,Бахрейнский динар,Бахрейн
BIF,Burundian Franc,Burundi,Бурундийский франк,Бурунди
BMD,Bermudian Dollar,Bermuda,Бермудский доллар,Бермудские острова
BND,Brunei Dollar,Brunei,Брунейский доллар,Бруней
BOB,Bolivian Boliviano,Bolivia,Боливийский боливиано,Боливия
BRL,Brazilian Real,Brazil,Бразильский реал,Бразилия
BSD,Bahamian Dollar,Bahamas,Багамский доллар,Багамы
BTN,Bhutanese Ngultrum,Bhutan,Бутанский нгултрум,Бутан
BWP,Botswana Pula,Botswana,Ботсванский пула,Ботсвана
BYN,Belarusian Ruble,Belarus,Белорусский рубль,Беларусь
BZD,Belize Dollar,Belize,Белизский доллар,Белиз
CAD,Canadian Dollar,Canada,Канадский доллар,Канада
CDF,Congolese Franc,Democratic Republic of the Congo,Конголезский франк,Демократическая Республика Конго
CHF,Swiss Franc,Switzerland,Швейцарский франк,Швейцария
CLP,Chilean Peso,Chile,Чилийское песо,Чили
CNY,Chinese Renminbi,China,Китайский юань,Китай
COP,Colombian Peso,Colombia,Колумбийское песо,Колумбия
CRC,Costa Rican Colon,Costa Rica,Коста-риканский колон,Коста-Рика
CUP,Cuban Peso,Cuba,Кубинское песо,Куба
CVE,Cape Verdean Escudo,Cape Verde,Кабо-вердианский эскудо,Кабо-Верде
CZK,Czech Koruna,Czech Republic,Чешская крона,Чехия
DJF,Djiboutian Franc,Djibouti,Джибутийский франк,Джибути
DKK,Danish Krone,Denmark,Датская крона,Дания
DOP,Dominican Peso,Dominican Republic,Доминиканское песо,Доминиканская Республика
DZD,Algerian Dinar,Algeria,Алжирский динар,Алжир
EGP,Egyptian Pound,Egypt,Египетский фунт,Египет
ERN,Eritrean Nakfa,Eritrea,Эритрейская накфа,Эритрея
ETB,Ethiopian Birr,Ethiopia,Эфиопский бирр,Эфиопия
EUR,Euro,European Union,Евро,Европейский Союз
FJD,Fiji Dollar,Fiji,Фиджийский доллар,Фиджи
FKP,Falkland Islands Pound,Falkland Islands,Фолклендский фунт,Фолклендские острова
FOK,Faroese Króna,Faroe Islands,Фарерская крона,Фарерские острова
GBP,Pound Sterling,United Kingdom,Фунт стерлингов,Великобритания
GEL,Georgian Lari,Georgia,Грузинский лари,Грузия
GGP,Guernsey Pound,Guernsey,Гернсийский фунт,Гернси
GHS,Ghanaian Cedi,Ghana,Ганийский седи,Гана
GIP,Gibraltar Pound,Gibraltar,Гибралтарский фунт,Гибралтар
GMD,Gambian Dalasi,The Gambia,Гамбийский даласи,Гамбия
GNF,Guinean Franc,Guinea,Гвинейский франк,Гвинея
GTQ,Guatemalan Quetzal,Guatemala,Гватемальский кетсаль,Гватемала
GYD,Guyanese Dollar,Guyana,Гайанский доллар,Гайана
HKD,Hong Kong Dollar,Hong Kong,Гонконгский доллар,Гонконг
HNL,Honduran Lempira,Honduras,Гондурасский лемпира,Гондурас
HRK,Croatian Kuna,Croatia,Хорватская куна,Хорватия
HTG,Haitian Gourde,Haiti,Гаитянский гурд,Гаити
HUF,Hungarian Forint,Hungary,Венгерский форинт,Венгрия
IDR,Indonesian Rupiah,Indonesia,Индонезийская рупия,Индонезия
ILS,Israeli New Shekel,Israel,Израильский новый шекель,Израиль
IMP,Manx Pound,Isle of Man,Мэнский фунт,Остров Мэн
INR,Indian Rupee,India,Индийская рупия,Индия
IQD,Iraqi Dinar,Iraq,Иракский динар,Ирак
IRR,Iranian Rial,Iran,Иранский риал,Иран
ISK,Icelandic Króna,Iceland,Исландская крона,Исландия
JEP,Jersey Pound,Jersey,Джерсийский фунт,Джерси
JMD,Jamaican Dollar,Jamaica,Ямайский доллар,Ямайка
JOD,Jordanian Dinar,Jordan,Иорданский динар,Иордания
JPY,Japanese Yen,Japan,Японская иена,Япония
KES,Kenyan Shilling,Kenya,Кенийский шиллинг,Кения
KGS,Kyrgyzstani Som,Kyrgyzstan,Кыргызский сом,Кыргызстан
KHR,Cambodian Riel,Cambodia,Камбоджийский риель,Камбоджа
KID,Kiribati Dollar,Kiribati,Кирибатийский доллар,Кирибати
KMF,Comorian Franc,Comoros,Коморский франк,Коморские Острова
KRW,South Korean Won,South Korea,Южнокорейская вона,Южная Корея
KWD,Kuwaiti Dinar,Kuwait,Кувейтский динар,Кувейт
KYD,Cayman Islands Dollar,Cayman Islands,Доллар Каймановых островов,Каймановы острова
KZT,Kazakhstani Tenge,Kazakhstan,Казахстанский тенге,Казахстан
LAK,Lao Kip,Laos,Лаосский кип,Лаос
LBP,Lebanese Pound,Lebanon,Ливанский фунт,Ливан
LKR,Sri Lanka Rupee,Sri Lanka,Шри-Ланкийская рупия,Шри-Ланка
LRD,Liberian Dollar,Liberia,Либерийский доллар,Либерия
LSL,Lesotho Loti,Lesotho,Лесотоский лоти,Лесото
LYD,Libyan Dinar,Libya,Ливийский динар,Ливия
MAD,Moroccan Dirham,Morocco,Марокканский дирхам,Марокко
MDL,Moldovan Leu,Moldova,Молдавский лей,Молдова
MGA,Malagasy Ariary,Madagascar,Малагасийский ариари,Мадагаскар
MKD,Macedonian Denar,North Macedonia,Македонский денар,Северная Македония
MMK,Burmese Kyat,Myanmar,Бирманский кьят,Мьянма
MNT,Mongolian Tögrög,Mongolia,Монгольский тугрик,Монголия
MOP,Macanese Pataca,Macau,Макаоская патака,Макао
MRU,Mauritanian Ouguiya,Mauritania,Мавританская угия,Мавритания
MUR,Mauritian Rupee,Mauritius,Маврикийская рупия,Маврикий
MVR,Maldivian Rufiyaa,Maldives,Мальдивская руфия,Мальдивы
MWK,Malawian Kwacha,Malawi,Малавийская квача,Малави
MXN,Mexican Peso,Mexico,Мексиканское песо,Мексика
MYR,Malaysian Ringgit,Malaysia,Малайзийский ринггит,Малайзия
MZN,Mozambican Metical,Mozambique,Мозамбикский метикал,Мозамбик
NAD,Namibian Dollar,Namibia,Намибийский доллар,Намибия
NGN,Nigerian Naira,Nigeria,Нигерийская найра,Нигерия
NIO,Nicaraguan Córdoba,Nicaragua,Никарагуанская кордова,Никарагуа
NOK,Norwegian Krone,Norway,Норвежская крона,Норвегия
NPR,Nepalese Rupee,Nepal,Непальская рупия,Непал
NZD,New Zealand Dollar,New Zealand,Новозеландский доллар,Новая Зеландия
OMR,Omani Rial,Oman,Оманский риал,Оман
PAB,Panamanian Balboa,Panama,Панамский бальбоа,Панама
PEN,Peruvian Sol,Peru,Перуанский соль,Перу
PGK,Papua New Guinean Kina,Papua New Guinea,Папуа-новогвинейская кина,Папуа-Новая Гвинея
PHP,Philippine Peso,Philippines,Филиппинское песо,Филиппины
PKR,Pakistani Rupee,Pakistan,Пакистанская рупия,Пакистан
PLN,Polish Złoty,Poland,Польский злотый,Польша
PYG,Paraguayan Guaraní,Paraguay,Парагвайский гуарани,Парагвай
QAR,Qatari Riyal,Qatar,Катарский риал,Катар
RON,Romanian Leu,Romania,Румынский лей,Румыния
RSD,Serbian Dinar,Serbia,Сербский динар,Сербия
RUB,Russian Ruble,Russia,Российский рубль,Россия
RWF,Rwandan Franc,Rwanda,Руандийский франк,Руанда
SAR,Saudi Riyal,Saudi Arabia,Саудовский риал,Саудовская Аравия
SBD,Solomon Islands Dollar,Solomon Islands,Доллар Соломоновых Островов,Соломоновы Острова
SCR,Seychellois Rupee,Seychelles,Сейшельская рупия,Сейшельские Острова
SDG,Sudanese Pound,Sudan,Суданский фунт,Судан
SEK,Swedish Krona,Sweden,Шведская крона,Швеция
SGD,Singapore Dollar,Singapore,Сингапурский доллар,Сингапур
SHP,Saint Helena Pound,Saint Helena,Фунт Святой Елены,Святая Елена
SLE,Sierra Leonean Leone,Sierra Leone,Сьерралеонский леоне,Сьерра-Леоне
SOS,Somali Shilling,Somalia,Сомалийский шиллинг,Сомали
SRD,Surinamese Dollar,Suriname,Суринамский доллар,Суринам
SSP,South Sudanese Pound,South Sudan,Южносуданский фунт,Южный Судан
STN,São Tomé and Príncipe Dobra,São Tomé and Príncipe,Добра Сан-Томе и Принсипи,Сан-Томе и Принсипи
SYP,Syrian Pound,Syria,Сирийский фунт,Сирия
SZL,Eswatini Lilangeni,Eswatini,Эсватини лилангени,Эсватини
THB,Thai Baht,Thailand,Тайский бат,Таиланд
TJS,Tajikistani Somoni,Tajikistan,Таджикский сомони,Таджикистан
TMT,Turkmenistan Manat,Turkmenistan,Туркменский манат,Туркменистан
TND,Tunisian Dinar,Tunisia,Тунисский динар,Тунис
TOP,Tongan Paʻanga,Tonga,Тонганский паанга,Тонга
TRY,Turkish Lira,Turkey,Турецкая лира,Турция
TTD,Trinidad and Tobago Dollar,Trinidad and Tobago,Доллар Тринидада и Тобаго,Тринидад и Тобаго
TVD,Tuvaluan Dollar,Tuvalu,Доллар Тувалу,Тувалу
TWD,New Taiwan Dollar,Taiwan,Новый тайваньский доллар,Тайвань
TZS,Tanzanian Shilling,Tanzania,Танзанийский шиллинг,Танзания
UAH,Ukrainian Hryvnia,Ukraine,Украинская гривна,Украина
UGX,Ugandan Shilling,Uganda,Угандийский шиллинг,Уганда
USD,United States Dollar,United States,Доллар США,Соединенные Штаты
UYU,Uruguayan Peso,Uruguay,Уругвайское песо,Уругвай
UZS,Uzbekistani So'm,Uzbekistan,Узбекский сом,Узбекистан
VES,Venezuelan Bolívar Soberano,Venezuela,Венесуэльский боливар соберано,Венесуэла
VND,Vietnamese Đồng,Vietnam,Вьетнамский донг,Вьетнам
VUV,Vanuatu Vatu,Vanuatu,Вануату вату,Вануату
WST,Samoan Tālā,Samoa,Самоанский тала,Самоа
XAF,Central African CFA Franc,CEMAC,Центральноафриканский франк КФА,CEMAC
XCD,East Caribbean Dollar,Organisation of Eastern Caribbean States,Восточно-карибский доллар,Организация восточнокарибских государств
XDR,Special Drawing Rights,International Monetary Fund,Специальные права заимствования,Международный валютный фонд
XOF,West African CFA franc,CFA,Западноафриканский франк КФА,CFA
XPF,CFP Franc,Collectivités d'Outre-Mer,Франк КФП,Collectivités d'Outre-Mer
YER,Yemeni Rial,Yemen,Йеменский риал,Йемен
ZAR,South African Rand,South Africa,Южноафриканский ранд,Южная Африка
ZMW,Zambian Kwacha,Zambia,Замбийская квача,Замбия
ZWL,Zimbabwean Dollar,Zimbabwe,Зимбабвийский доллар,Зимбабве
